term,wikipedia,aliases,cuisine
'nduja,'Nduja,nduja;n'duja,Italian
burrata,,,Italian
guanciale,,,Italian
pancetta,,,Italian
prosciutto,,prosciutto di parma;prosciutto crudo,Italian
mortadella,,,Italian
bresaola,,,Italian
capocollo,,coppa;capicola;gabagool,Italian
lardo,,,Italian
mascarpone,,,Italian
ricotta salata,,,Italian
pecorino,,pecorino romano,Italian
taleggio,Taleggio cheese,,Italian
fontina,,,Italian
gorgonzola,,,Italian
stracciatella,Stracciatella (cheese),,Italian
scamorza,,,Italian
buffalo mozzarella,,mozzarella di bufala,Italian
gremolata,,,Italian
agrodolce,,,Italian
salsa verde,,,Italian
mostarda,,,Italian
caponata,,,Italian
gnocchi,,,Italian
orecchiette,,,Italian
pappardelle,,,Italian
bucatini,,,Italian
cavatelli,,,Italian
fregola,Fregula,fregula,Italian
farro,,,Italian
polenta,,,Italian
arancini,,arancine,Italian
carpaccio,,,Italian
crudo,,,Italian
cacio e pepe,,,Italian
amatriciana,Amatriciana sauce,all'amatriciana,Italian
puttanesca,,,Italian
bottarga,,,Italian
radicchio,,treviso,Italian
cavolo nero,,lacinato kale;tuscan kale,Italian
puntarelle,,,Italian
rapini,,broccoli rabe;broccoli rapa;cime di rapa,Italian
castelvetrano olives,Nocellara del Belice,castelvetrano,Italian
osso buco,Ossobuco,ossobuco,Italian
vitello tonnato,,,Italian
zabaglione,Zabaione,zabaione;sabayon,Italian
semifreddo,,,Italian
panna cotta,,,Italian
affogato,,,Italian
vincotto,,,Italian
crème fraîche,,creme fraiche,French
beurre blanc,,,French
beurre noisette,,brown butter,French
béchamel,Béchamel sauce,bechamel,French
velouté,Velouté sauce,veloute,French
hollandaise,Hollandaise sauce,,French
béarnaise,Béarnaise sauce,bearnaise,French
demi-glace,,,French
mignonette,Mignonette sauce,,French
rémoulade,,remoulade,French
aioli,,aïoli,Mediterranean
rouille,,,French
persillade,,,French
gastrique,,,French
confit,,,French
rillettes,,,French
pâté,,pate,French
terrine,Terrine (food),,French
foie gras,,,French
cassoulet,,,French
bouillabaisse,,,French
brandade,,,French
gougères,Gougère,gougère;gougere;gougeres,French
frisée,,frisee,French
mâche,Valerianella locusta,mache;lamb's lettuce,French
chervil,,,French
tarragon,,,French
fines herbes,,,French
herbes de provence,,,French
lardons,Lardon,lardon,French
au jus,,jus,French
escargot,,escargots,French
clafoutis,,,French
financier,Financier (cake),financiers,French
madeleine,Madeleine (cake),madeleines,French
pot de crème,,pots de crème;pot de creme;pots de creme,French
crème anglaise,,creme anglaise,French
crème pâtissière,Pastry cream,creme patissiere;pastry cream,French
frangipane,,,French
tarte tatin,,,French
gratin,,au gratin,French
en papillote,,,French
en croûte,,en croute,French
mirepoix,Mirepoix (cuisine),,French
verjus,Verjuice,verjuice,French
comté,Comté cheese,comte,French
chèvre,Goat cheese,chevre,French
roquefort,,,French
vichyssoise,,,French
crudités,,crudites,French
amuse-bouche,,amuse-bouches,French
ballotine,,,French
roulade,,,French
galette,,,French
raclette,,,Swiss
gruyère,Gruyère cheese,gruyere,Swiss
romesco,,,Spanish
sofrito,,soffritto,Spanish
jamón ibérico,,jamon iberico,Spanish
jamón serrano,,jamon serrano,Spanish
manchego,,,Spanish
piquillo peppers,Piquillo pepper,piquillo,Spanish
pimentón,Paprika,pimenton;smoked paprika,Spanish
patatas bravas,,,Spanish
chorizo,,,Spanish
morcilla,Blood sausage,,Spanish
gazpacho,,,Spanish
salmorejo,,,Spanish
padrón peppers,Padrón pepper,padron peppers;pimientos de padrón;padron,Spanish
boquerones,Boquerones en vinagre,,Spanish
membrillo,Quince cheese,quince paste,Spanish
piri piri,,peri peri;piri-piri;peri-peri,Portuguese
bacalhau,,bacalao,Portuguese
mole,Mole (sauce),mole poblano;mole negro,Mexican
chipotle,,chipotles,Mexican
ancho,Poblano,ancho chile;ancho chili,Mexican
poblano,,poblanos,Mexican
guajillo,Guajillo chili,guajillo chile,Mexican
pasilla,,,Mexican
habanero,,,Mexican
tomatillo,,,Mexican
epazote,,,Mexican
achiote,,annatto,Mexican
cotija,Cotija cheese,,Mexican
queso fresco,,,Mexican
oaxaca cheese,,quesillo;queso oaxaca,Mexican
huitlacoche,Corn smut,cuitlacoche,Mexican
nopales,Nopal,nopal,Mexican
pozole,,posole,Mexican
birria,,,Mexican
cochinita pibil,,,Mexican
al pastor,,,Mexican
carnitas,,,Mexican
barbacoa,,,Mexican
elote,,elotes,Mexican
masa,,,Mexican
pepitas,Pepita,pepita,Mexican
jícama,,jicama,Mexican
chicharrón,,chicharron;chicharrones,Latin American
chimichurri,,,Argentine
ají amarillo,Aji amarillo,aji amarillo,Peruvian
ceviche,,cebiche,Peruvian
leche de tigre,,,Peruvian
tiradito,,,Peruvian
yuca,Cassava,cassava,Latin American
plantains,Cooking banana,plantain;maduros;tostones,Latin American
mojo,Mojo (sauce),,Cuban
arepa,,arepas,Venezuelan
tres leches,Tres leches cake,,Latin American
picanha,,,Brazilian
dashi,,,Japanese
miso,,,Japanese
mirin,,,Japanese
ponzu,,,Japanese
yuzu,,,Japanese
yuzu kosho,Yuzukoshō,yuzukosho;yuzu koshō,Japanese
shiso,Perilla frutescens var. crispa,,Japanese
nori,,,Japanese
kombu,,,Japanese
wakame,,,Japanese
katsuobushi,,bonito flakes,Japanese
furikake,,,Japanese
togarashi,Shichimi,shichimi;shichimi togarashi,Japanese
wasabi,,,Japanese
panko,Bread crumbs,,Japanese
tobiko,,,Japanese
ikura,,,Japanese
uni,Sea urchin,,Japanese
hamachi,Japanese amberjack,yellowtail,Japanese
unagi,,,Japanese
toro,Toro (sushi),,Japanese
tataki,,,Japanese
tonkatsu,,,Japanese
karaage,,,Japanese
tempura,,,Japanese
udon,,,Japanese
soba,,,Japanese
matcha,,,Japanese
mochi,,,Japanese
nattō,,natto,Japanese
shishito,,shishito peppers,Japanese
enoki,Enokitake,enoki mushrooms;enokitake,Japanese
shiitake,,,Japanese
maitake,Grifola frondosa,hen of the woods,Japanese
okonomiyaki,,,Japanese
takoyaki,,,Japanese
yakitori,,,Japanese
gyoza,,gyōza,Japanese
sansho,Zanthoxylum piperitum,sanshō,Japanese
kabocha,,,Japanese
umeboshi,,,Japanese
tare,Tare sauce,,Japanese
edamame,,,Japanese
wagyu,,,Japanese
gochujang,,,Korean
gochugaru,,,Korean
kimchi,,,Korean
doenjang,,,Korean
ssamjang,,,Korean
bulgogi,,,Korean
galbi,,kalbi,Korean
japchae,,,Korean
tteokbokki,,,Korean
banchan,,,Korean
perilla,Perilla frutescens,perilla leaves,Korean
hoisin,Hoisin sauce,,Chinese
xo sauce,,,Chinese
doubanjiang,,,Chinese
sichuan peppercorn,Sichuan pepper,sichuan peppercorns;sichuan pepper;szechuan peppercorn;szechuan pepper,Chinese
five spice,Five-spice powder,five-spice;chinese five spice;five-spice powder,Chinese
char siu,,,Chinese
bok choy,,pak choi,Chinese
gai lan,,chinese broccoli,Chinese
lap cheong,Chinese sausage,lap chong;lap cheung,Chinese
fermented black beans,,douchi;black bean sauce,Chinese
shaoxing wine,,,Chinese
bao,Baozi,bao bun;bao buns;baozi,Chinese
xiao long bao,Xiaolongbao,xiaolongbao;soup dumplings,Chinese
chili crisp,Chili oil,chili oil;chili crunch;chilli crisp,Chinese
congee,,jook,Chinese
mapo tofu,,,Chinese
wood ear,Auricularia heimuer,wood ear mushroom;wood ear mushrooms,Chinese
lotus root,Nelumbo nucifera,,Chinese
fish sauce,,,Southeast Asian
nuoc cham,Nước chấm,nước chấm;nuoc mam cham,Vietnamese
galangal,,,Thai
lemongrass,,,Thai
makrut lime,Kaffir lime,kaffir lime;lime leaf;lime leaves,Thai
thai basil,,,Thai
pandan,Pandanus amaryllifolius,,Southeast Asian
tamarind,,,Southeast Asian
palm sugar,,,Southeast Asian
sambal,,sambal oelek,Indonesian
kecap manis,Sweet soy sauce,,Indonesian
rendang,,,Indonesian
laksa,,,Malaysian
satay,,sate,Southeast Asian
larb,,laab;larp,Thai
phở,Pho,pho,Vietnamese
bánh mì,,banh mi,Vietnamese
shrimp paste,,belacan;kapi,Southeast Asian
calamansi,,kalamansi,Filipino
adobo,Philippine adobo,,Filipino
ube,Dioscorea alata,,Filipino
sisig,,,Filipino
garam masala,,,Indian
ghee,,,Indian
paneer,,,Indian
dal,,dhal;daal;dahl,Indian
asafoetida,,hing,Indian
ajwain,,carom seeds,Indian
amchur,,amchoor;mango powder,Indian
fenugreek,,methi;kasuri methi,Indian
curry leaves,Curry tree,curry leaf,Indian
tandoori,Tandoor,,Indian
vindaloo,,,Indian
korma,,,Indian
saag,,,Indian
raita,,,Indian
chaat,,,Indian
pakora,,pakoras;pakoda,Indian
paratha,,,Indian
chutney,,,Indian
cardamom,,,Indian
jaggery,,,Indian
biryani,,,Indian
kulfi,,,Indian
kofta,,,South Asian
saffron,,,Persian
tahdig,,,Persian
barberries,Berberis,barberry;zereshk,Persian
za'atar,,zaatar;zatar,Middle Eastern
sumac,,,Middle Eastern
tahini,,tahina,Middle Eastern
harissa,,,North African
ras el hanout,,,North African
dukkah,,duqqa,Egyptian
labneh,,labne;labna,Middle Eastern
halloumi,,,Cypriot
feta,,,Greek
tzatziki,,,Greek
taramasalata,,,Greek
saganaki,,,Greek
spanakopita,,,Greek
mastic,Mastic (plant resin),mastiha,Greek
dolma,,dolmades;dolmas,Middle Eastern
baba ghanoush,,baba ganoush;baba ghanouj,Middle Eastern
muhammara,,,Middle Eastern
shakshuka,,,North African
freekeh,,,Middle Eastern
bulgur,,,Middle Eastern
tabbouleh,,tabouli,Middle Eastern
fattoush,,,Middle Eastern
pomegranate molasses,,,Middle Eastern
preserved lemon,,preserved lemons,North African
zhug,,zhoug;schug,Yemeni
amba,Amba (condiment),,Middle Eastern
tagine,,tajine,North African
merguez,,,North African
couscous,,,North African
kibbeh,,,Middle Eastern
halva,,halvah;halwa,Middle Eastern
orange blossom water,Orange flower water,orange flower water,Middle Eastern
rose water,,rosewater,Middle Eastern
urfa biber,Isot pepper,urfa pepper;isot,Turkish
aleppo pepper,,,Syrian
kataifi,,kadaif,Middle Eastern
spätzle,,spaetzle;spatzle,German
speck,,,German
quark,Quark (dairy product),,German
kohlrabi,,,German
schmaltz,,,Jewish
gravlax,,gravlaks;gravadlax,Nordic
lingonberry,Vaccinium vitis-idaea,lingonberries,Nordic
skyr,,,Icelandic
pierogi,,pierogies;perogies,Polish
pelmeni,,,Russian
kasha,,,Eastern European
smetana,Smetana (dairy product),,Eastern European
black pudding,,,British
clotted cream,,,British
piccalilli,,,British
stilton,Stilton cheese,,British
andouille,,,Cajun
tasso,Tasso ham,,Cajun
grits,,,Southern US
pimento cheese,,pimiento cheese,Southern US
chow-chow,Chow-chow (food),,Southern US
ramps,Allium tricoccum,ramp;wild leeks,North American
celeriac,,celery root,
sunchokes,Jerusalem artichoke,sunchoke;jerusalem artichoke;jerusalem artichokes,
salsify,,,
romanesco,Romanesco broccoli,,
fiddleheads,Fiddlehead fern,fiddlehead;fiddlehead ferns,
fennel,,,
endive,,,
chard,,swiss chard,
purslane,Portulaca oleracea,,
sorrel,,,
lovage,,,
borage,,,
nasturtium,,nasturtiums,
microgreens,,,
morels,Morchella,morel,
chanterelles,Chanterelle,chanterelle;girolles,
porcini,Boletus edulis,cep;ceps,
oyster mushrooms,Pleurotus ostreatus,oyster mushroom,
truffle,,truffles,
black garlic,,,
shallot,,shallots,
scallion,,scallions,
quince,,,
persimmon,,persimmons,
kumquat,,kumquats,
blood orange,,blood oranges,
finger lime,Citrus australasica,finger limes,
lychee,,litchi,
dragon fruit,,pitaya,
huckleberry,,huckleberries,
gooseberry,,gooseberries,
elderflower,,,
sea buckthorn,Hippophae,,
medjool dates,Medjool,medjool,
daikon,,,
taro,,,
okra,,,
fava beans,Vicia faba,fava;broad beans,
cannellini,,cannellini beans,
borlotti beans,Borlotti bean,borlotti,
puy lentils,Puy lentil,lentilles du puy,
amaranth,,,
quinoa,,,
teff,,,
wild rice,,,
arborio,Arborio rice,arborio rice,
branzino,European seabass,bronzino,
dorade,Gilt-head bream,daurade;orata,
turbot,,,
monkfish,,,
skate,Skate (fish),,
sablefish,,black cod,
arctic char,,,
geoduck,,,
razor clams,Razor clam,razor clam,
langoustines,Nephrops norvegicus,langoustine;scampi,
caviar,,,
abalone,,,
cockles,Cockle (bivalve),cockle,
hanger steak,,,
flat iron steak,,flat iron,
tri-tip,,,
bavette,,,
sweetbreads,Sweetbread,sweetbread,
bone marrow,Bone marrow (food),,
oxtail,,,
squab,Squab (food),,
tripe,,,
steak tartare,,,
sriracha,,,
coulis,,,
ganache,,,
praline,,pralines,
lemon curd,Fruit curd,fruit curd,
streusel,,,
granita,,,
compote,,,
agar,,agar agar;agar-agar,
sous vide,,,
flambé,,flambe;flambéed,
espuma,Culinary foam,,
fleur de sel,,,
